number,school,address,email
0,강릉원주대학교,"강원도 강릉시 죽헌길 7 (지변동, 강릉원주대학교)"
1,강릉원주대학교,"강원도 원주시 흥업면 남원로 150 (흥업리, 강릉원주대학교원주캠퍼스)"
2,강릉원주대학교대학원,"강원도 강릉시 죽헌길 7 (지변동, 강릉원주대학교)"
3,강릉원주대학교대학원,"강원도 원주시 흥업면 남원로 150 (흥업리, 강릉원주대학교원주캠퍼스)"
4,강원대학교,"강원도 춘천시 강원대학길 1 (효자동, 강원대학교)"
5,강원대학교,"강원도 삼척시 중앙로 346 (교동, 강원대학교삼척캠퍼스)"
6,강원대학교일반대학원,"강원도 춘천시 강원대학길 1 (효자동, 강원대학교)"
7,경북대학교,"대구광역시 북구 대학로 80 (산격동, 경북대학교)"
8,경북대학교 일반대학원,"대구광역시 북구 대학로 80 (산격동, 경북대학교)"
9,경상대학교,"경상남도 진주시 진주대로 501 (가좌동, 경상대학교)"
10,경상대학교 대학원,"경상남도 진주시 진주대로 501 (가좌동, 경상대학교)"
11,공주대학교,"충청남도 공주시 공주대학로 56 (신관동, 공주대학교)"
12,공주대학교대학원,"충청남도 공주시 공주대학로 56 (신관동, 공주대학교)"
13,군산대학교,"전라북도 군산시 대학로 558 (미룡동, 군산대학교)"
14,군산대학교대학원,"전라북도 군산시 대학로 558 (미룡동, 군산대학교)"
15,금오공과대학교,"경상북도 구미시 대학로 61 (양호동, 금오공과대학교)","kumoh.ac.kr"
16,금오공과대학교대학원,"경상북도 구미시 대학로 61 (양호동, 금오공과대학교)","kumoh.ac.kr"
17,목포대학교,"전라남도 무안군 청계면 영산로 1666 (도림리, 목포대학교)"
18,목포대학교대학원,"전라남도 무안군 청계면 영산로 1666 (도림리, 목포대학교)"
19,부경대학교,"부산광역시 남구 용소로 45 (대연동, 부경대학교대연캠퍼스)"
20,부경대학교대학원,"부산광역시 남구 용소로 45 (대연동, 부경대학교대연캠퍼스)"
21,부산대학교,"부산광역시 금정구 부산대학로63번길 2 (장전동, 부산대학교)"
22,부산대학교 일반대학원,"부산광역시 금정구 부산대학로63번길 2 (장전동, 부산대학교)"
23,서울대학교,"서울특별시 관악구 관악로 1 (신림동, 서울대학교)"
24,서울대학교 대학원,"서울특별시 관악구 관악로 1 (신림동, 서울대학교)"
25,순천대학교,"전라남도 순천시 중앙로 255 (석현동, 순천대학교)"
26,순천대학교일반대학원,"전라남도 순천시 중앙로 255 (석현동, 순천대학교)"
27,안동대학교,"경상북도 안동시 경동로 1375 (송천동, 안동대학교)"
28,안동대학교대학원,"경상북도 안동시 경동로 1375 (송천동, 안동대학교)"
29,전남대학교,"광주광역시 북구 용봉로 77 (용봉동, 전남대학교)"
30,전남대학교,"전라남도 여수시 대학로 50 (둔덕동, 전남대학교여수캠퍼스)"
31,전북대학교,"전라북도 전주시 덕진구 백제대로 567 (금암동, 전북대학교)"
32,전북대학교 대학원,"전라북도 전주시 덕진구 백제대로 567 (금암동, 전북대학교)"
33,제주대학교,"제주특별자치도 제주시 제주대학로 102 (아라일동, 제주대학교)"
34,제주대학교대학원,"제주특별자치도 제주시 제주대학로 102 (아라일동, 제주대학교)"
35,창원대학교,"경상남도 창원시 의창구 창원대학로 20 (사림동, 창원대학교)"
36,창원대학교 대학원,"경상남도 창원시 의창구 창원대학로 20 (사림동, 창원대학교)"
37,충남대학교,"대전광역시 유성구 대학로 99 (궁동, 충남대학교)"
38,충남대학교대학원,"대전광역시 유성구 대학로 99 (궁동, 충남대학교)"
39,충북대학교,"충청북도 청주시 서원구 충대로 1 (개신동, 충북대학교)"
40,충북대학교 대학원,"충청북도 청주시 서원구 충대로 1 (개신동, 충북대학교)"
41,한국교원대학교,"충청북도 청주시 흥덕구 강내면 태성탑연로 250 (다락리, 한국교원대학교)"
42,한국교원대학교대학원,"충청북도 청주시 흥덕구 강내면 태성탑연로 250 (다락리, 한국교원대학교대학원)"
43,한국체육대학교,"서울특별시 송파구 양재대로 1239 (방이동, 한국체육대학교)"
44,한국체육대학교 대학원,"서울특별시 송파구 양재대로 1239 (방이동, 한국체육대학교)"
45,한국해양대학교,"부산광역시 영도구 태종로 727 (동삼동, 한국해양대학교)"
46,한국해양대학교대학원,"부산광역시 영도구 태종로 727 (동삼동, 한국해양대학교)"
47,한국교통대학교,"충청북도 충주시 대소원면 대학로 50 (검단리, 한국교통대학교)"
48,한국교통대학교 대학원,"충청북도 충주시 대소원면 대학로 50 (검단리, 한국교통대학교)"
49,경남과학기술대학교,"경상남도 진주시 동진로 33 (칠암동, 경남과학기술대학교)"
50,경남과학기술대학교 대학원,"경상남도 진주시 동진로 33 (칠암동, 경남과학기술대학교)"
51,서울과학기술대학교,"서울특별시 노원구 공릉로 232 (공릉동, 서울과학기술대학교)"
52,서울과학기술대학교 일반대학원,"서울특별시 노원구 공릉로 232 (공릉동, 서울과학기술대학교)"
53,한경대학교,경기도 안성시 중앙로 327 (석정동)
54,한경대학교 일반대학원,경기도 안성시 중앙로 327 (석정동)
55,한밭대학교,"대전광역시 유성구 동서대로 125 (덕명동, 한밭대학교)"
56,한밭대학교 일반대학원,"대전광역시 유성구 동서대로 125 (덕명동, 한밭대학교)"
57,서울시립대학교,"서울특별시 동대문구 서울시립대로 163 (전농동, 서울시립대학교)"
58,서울시립대학교대학원,"서울특별시 동대문구 서울시립대로 163 (전농동, 서울시립대학교)"
59,인천대학교,"인천광역시 연수구 아카데미로 119 (송도동, 인천대학교)"
60,인천대학교대학원,"인천광역시 연수구 아카데미로 119 (송도동, 인천대학교)"
61,가야대학교,경상남도 김해시 삼계로 208 (삼계동)
62,가야대학교,"경상북도 고령군 대가야읍 대가야로 1103 (지산리, 가야대학교)"
63,가야대학교일반대학원,경상남도 김해시 삼계로 208 (삼계동)
64,가톨릭대학교,"경기도 부천시 원미구 지봉로 43 (역곡동, 가톨릭대학교성심교정)"
65,가톨릭대학교,"서울특별시 서초구 반포대로 222 (반포동, 가톨릭대학교 성모병원)"
66,가톨릭대학교,"서울특별시 종로구 창경궁로 296-12 (혜화동, 가톨릭대학교성신교정)"
67,가톨릭대학교대학원,"경기도 부천시 원미구 지봉로 43 (역곡동, 가톨릭대학교성심교정)"
68,감리교신학대학교,"서울특별시 서대문구 독립문로 56 (냉천동, 감리교신학대학)"
69,감리교신학대학교대학원,"서울특별시 서대문구 독립문로 56 (냉천동, 감리교신학대학)"
70,강남대학교,"경기도 용인시 기흥구 강남로 40 (구갈동, 강남대학교)"
71,강남대학교대학원,"경기도 용인시 기흥구 강남로 40 (구갈동, 강남대학교)"
72,건국대학교,"서울특별시 광진구 능동로 120 (화양동, 건국대학교)"
73,건국대학교,"충청북도 충주시 충원대로 268 (단월동, 건국대학교GLOCAL캠퍼스)"
74,건국대학교일반대학원,"서울특별시 광진구 능동로 120 (화양동, 건국대학교)"
75,건양대학교,"충청남도 논산시 대학로 121 (내동, 건양대학교)"
76,건양대학교,"대전광역시 서구 관저동로 158 (관저동, 건양대학교병원)"
77,건양대학교 일반대학원,"대전광역시 서구 관저동로 158 (관저동, 건양대학교병원)"
78,경기대학교,"경기도 수원시 영통구 광교산로 154-42 (이의동, 경기대학교)"
79,경기대학교,"서울특별시 서대문구 경기대로9길 24 (충정로2가, 경기대학교)"
80,경기대학교 일반대학원,"서울특별시 서대문구 경기대로9길 24 (충정로2가, 경기대학교)"
81,경남대학교,"경상남도 창원시 마산합포구 경남대학로 7 (월영동, 경남대학교)"
82,경남대학교대학원,"경상남도 창원시 마산합포구 경남대학로 7 (월영동, 경남대학교)"
83,경동대학교,"강원도 고성군 토성면 봉포4길 46 (봉포리, 경동대학교)"
84,경동대학교,"강원도 원주시 문막읍 견훤로 815 (후용리, 경동대학교)"
85,경동대학교,경기도 양주시 경동대학로 27 (고암동)
86,대구한의대학교,"경상북도 경산시 한의대로 1 (유곡동, 대구한의대학교)"
87,대구한의대학교 대학원,"경상북도 경산시 한의대로 1 (유곡동, 대구한의대학교)"
88,경성대학교,"부산광역시 남구 수영로 309 (대연동, 경성대학교)"
89,경성대학교 일반대학원,"부산광역시 남구 수영로 309 (대연동, 경성대학교)"
90,가천대학교,"경기도 성남시 수정구 성남대로 1342 (복정동, 가천대학교)"
91,가천대학교 일반대학원,"경기도 성남시 수정구 성남대로 1342 (복정동, 가천대학교)"
92,경일대학교,"경상북도 경산시 하양읍 가마실길 50 (부호리, 경일대학교)"
93,경일대학교 일반대학원,"경상북도 경산시 하양읍 가마실길 50 (부호리, 경일대학교)"
94,경주대학교,"경상북도 경주시 태종로 188 (효현동, 경주대학교)"
95,경주대학교일반대학원,"경상북도 경주시 태종로 188 (효현동, 경주대학교)"
96,경희대학교,"서울특별시 동대문구 경희대로 26 (회기동, 경희대학교)"
97,경희대학교대학원,"서울특별시 동대문구 경희대로 26 (회기동, 경희대학교)"
98,계명대학교,"대구광역시 달서구 달구벌대로 1095 (신당동, 계명대학교성서캠퍼스)"
99,계명대학교 대학원,"대구광역시 달서구 달구벌대로 1095 (신당동, 계명대학교성서캠퍼스)"
100,고려대학교,"서울특별시 성북구 안암로 145 (안암동5가, 고려대학교안암캠퍼스(인문사회계))"
101,고려대학교 세종캠퍼스,"세종특별자치시 조치원읍 세종로 2511 (서창리, 고려대학교세종캠퍼스)"
102,고려대학교 대학원,"서울특별시 성북구 안암로 145 (안암동5가, 고려대학교안암캠퍼스(인문사회계))"
103,고려대학교 일반대학원,"세종특별자치시 조치원읍 세종로 2511 (서창리, 고려대학교세종캠퍼스)"
104,고신대학교,"부산광역시 영도구 와치로 194 (동삼동, 고신대학교)"
105,고신대학교 대학원,"부산광역시 영도구 와치로 194 (동삼동, 고신대학교)"
106,가톨릭관동대학교,"강원도 강릉시 범일로579번길 24 (내곡동, 가톨릭관동대학교)"
107,가톨릭관동대학교 일반대학원,"강원도 강릉시 범일로579번길 24 (내곡동, 가톨릭관동대학교)"
108,광신대학교,"광주광역시 북구 양산택지소로 36 (본촌동, 광신대학교)"
109,광신대학교대학원,"광주광역시 북구 양산택지소로 36 (본촌동, 광신대학교)"
110,광운대학교,"서울특별시 노원구 광운로 20 (월계동, 광운대학교)"
111,광운대학교대학원,"서울특별시 노원구 광운로 20 (월계동, 광운대학교)"
112,광주가톨릭대학교,"전라남도 나주시 남평읍 중남길 12-25 (남석리, 광주가톨릭대학교)"
113,광주가톨릭대학교대학원,"전라남도 나주시 남평읍 중남길 12-25 (남석리, 광주가톨릭대학교)"
114,광주여자대학교,"광주광역시 광산구 여대길 201 (산정동, 광주여자대학교)"
115,광주여자대학교 일반대학원,"광주광역시 광산구 여대길 201 (산정동, 광주여자대학교)"
116,국민대학교,"서울특별시 성북구 정릉로 77 (정릉동, 국민대학교)"
117,국민대학교대학원,"서울특별시 성북구 정릉로 77 (정릉동, 국민대학교)"
118,케이씨대학교,"서울특별시 강서구 까치산로24길 47 (화곡동, 그리스도대학교)"
119,케이씨대학교일반대학원,"서울특별시 강서구 까치산로24길 47 (화곡동, 그리스도대학교)"
120,극동대학교,"충청북도 음성군 감곡면 대학길 76-32 (왕장리, 극동대학교)"
121,극동대학교일반대학원,"충청북도 음성군 감곡면 대학길 76-32 (왕장리, 극동대학교)"
122,나사렛대학교,"충청남도 천안시 서북구 월봉로 48 (쌍용동, 나사렛대학교)"
123,나사렛대학교 일반대학원,"충청남도 천안시 서북구 월봉로 48 (쌍용동, 나사렛대학교)"
124,단국대학교,"경기도 용인시 수지구 죽전로 152 (죽전동, 단국대학교죽전캠퍼스)"
125,단국대학교,"충청남도 천안시 동남구 단대로 119 (안서동, 단국대학교천안캠퍼스)"
126,단국대학교 일반대학원,"경기도 용인시 수지구 죽전로 152 (죽전동, 단국대학교죽전캠퍼스)"
127,대구대학교,"경상북도 경산시 진량읍 대구대로 201 (내리리, 대구대학교경산캠퍼스)"
128,대구대학교대학원,"경상북도 경산시 진량읍 대구대로 201 (내리리, 대구대학교경산캠퍼스)"
129,대구예술대학교,"경상북도 칠곡군 가산면 다부거문1길 202 (다부리, 대구예술대학교)"
130,대구가톨릭대학교,"경상북도 경산시 하양읍 하양로 13-13 (금락리, 대구가톨릭대학교)"
131,대구가톨릭대학교대학원,"경상북도 경산시 하양읍 하양로 13-13 (금락리, 대구가톨릭대학교)"
132,세한대학교,"전라남도 영암군 삼호읍 녹색로 1113 (산호리, 세한대학교)"
133,세한대학교일반대학원,"전라남도 영암군 삼호읍 녹색로 1113 (산호리, 세한대학교)"
134,대신대학교,"경상북도 경산시 경청로222길 33 (백천동, 대신대학교)"
135,대신대학교 대학원,"경상북도 경산시 경청로222길 33 (백천동, 대신대학교)"
136,대전가톨릭대학교,"세종특별자치시 전의면 가톨릭대학로 30 (신방리, 대전가톨릭대학교)"
137,대전가톨릭대학교 대학원,"세종특별자치시 전의면 가톨릭대학로 30 (신방리, 대전가톨릭대학교)"
138,대전대학교,"대전광역시 동구 대학로 62 (용운동, 대전대학교)"
139,대전대학교 일반대학원,"대전광역시 동구 대학로 62 (용운동, 대전대학교)"
140,대진대학교,"경기도 포천시 호국로 1007 (선단동, 대진대학교)"
141,대진대학교 대학원,"경기도 포천시 호국로 1007 (선단동, 대진대학교)"
142,서울기독대학교,"서울특별시 은평구 갈현로4길 26-2 (신사동, 서울기독대학교)"
143,서울기독대학교 대학원,"서울특별시 은평구 갈현로4길 26-2 (신사동, 서울기독대학교)"
144,덕성여자대학교,"서울특별시 도봉구 삼양로144길 33 (쌍문동, 덕성여자대학교)"
145,덕성여자대학교 대학원,"서울특별시 도봉구 삼양로144길 33 (쌍문동, 덕성여자대학교)"
146,동국대학교,"서울특별시 중구 필동로1길 30 (장충동2가, 동국대학교)"
147,동국대학교,"경상북도 경주시 동대로 123 (석장동, 동국대학교경주캠퍼스)"
148,동국대학교 대학원,"서울특별시 중구 필동로1길 30 (장충동2가, 동국대학교)"
149,동덕여자대학교,"서울특별시 성북구 화랑로13길 60 (하월곡동, 동덕여자대학교)"
150,동덕여자대학교일반대학원,"서울특별시 성북구 화랑로13길 60 (하월곡동, 동덕여자대학교)"
151,동서대학교,"부산광역시 사상구 주례로 47 (주례동, 동서대학교)"
152,동서대학교일반대학원,"부산광역시 사상구 주례로 47 (주례동, 동서대학교)"
153,동신대학교,"전라남도 나주시 동신대길 67 (대호동, 동신대학교중앙도서관동)"
154,동신대학교대학원,"전라남도 나주시 동신대길 67 (대호동, 동신대학교중앙도서관동)"
155,동아대학교,"부산광역시 사하구 낙동대로550번길 37 (하단동, 동아대학교)"
156,동아대학교 대학원,"부산광역시 사하구 낙동대로550번길 37 (하단동, 동아대학교)"
157,동양대학교,"경상북도 영주시 풍기읍 동양대로 145 (산법리, 동양대학교)"
158,동양대학교일반대학원,"경상북도 영주시 풍기읍 동양대로 145 (산법리, 동양대학교)"
159,동양대학교교육대학원,"경상북도 영주시 풍기읍 동양대로 145 (산법리, 동양대학교)"
160,동양대학교정보대학원,"경상북도 영주시 풍기읍 동양대로 145 (산법리, 동양대학교)"
161,동의대학교,"부산광역시 부산진구 엄광로 176 (가야동, 동의대학교)"
162,동의대학교대학원,"부산광역시 부산진구 엄광로 176 (가야동, 동의대학교)"
163,루터대학교,"경기도 용인시 기흥구 금화로82번길 20 (상갈동, 루터대학교)"
164,루터대학교 대학원,"경기도 용인시 기흥구 금화로82번길 20 (상갈동, 루터대학교)"
165,명지대학교 자연캠퍼스,"경기도 용인시 처인구 명지로 116 (남동, 명지대학교용인캠퍼스)"
166,명지대학교 인문캠퍼스,"서울특별시 서대문구 거북골로 34 (남가좌동, 명지대학교)"
167,명지대학교 대학원,"경기도 용인시 처인구 명지로 116 (남동, 명지대학교용인캠퍼스)"
168,목원대학교,"대전광역시 서구 도안북로 88 (도안동, 목원대학교)"
169,목원대학교일반대학원,"대전광역시 서구 도안북로 88 (도안동, 목원대학교)"
170,배재대학교,"대전광역시 서구 배재로 155-40 (도마동, 배재대학교)"
171,배재대학교대학원,"대전광역시 서구 배재로 155-40 (도마동, 배재대학교)"
172,부산가톨릭대학교,"부산광역시 금정구 오륜대로 57 (부곡동, 부산가톨릭대학교)"
173,부산가톨릭대학교대학원,"부산광역시 금정구 오륜대로 57 (부곡동, 부산가톨릭대학교)"
174,부산가톨릭대학교 생명과학대학원,"부산광역시 금정구 오륜대로 57 (부곡동, 부산가톨릭대학교)"
175,부산외국어대학교,"부산광역시 금정구 금샘로485번길 65 (남산동, 부산외국어대학교)"
176,부산외국어대학교대학원,"부산광역시 금정구 금샘로485번길 65 (남산동, 부산외국어대학교)"
177,삼육대학교,"서울특별시 노원구 화랑로 815 (공릉동, 삼육대학교)"
178,삼육대학교 대학원,"서울특별시 노원구 화랑로 815 (공릉동, 삼육대학교)"
179,상명대학교,"서울특별시 종로구 홍지문2길 20 (홍지동, 상명대학교)"
180,상명대학교,"충청남도 천안시 동남구 상명대길 31 (안서동, 상명대학교천안캠퍼스)"
181,상명대학교 대학원,"서울특별시 종로구 홍지문2길 20 (홍지동, 상명대학교)"
182,상명대학교 대학원,"충청남도 천안시 동남구 상명대길 31 (안서동, 상명대학교천안캠퍼스)"
183,상지대학교,"강원도 원주시 상지대길 83 (우산동, 상지대학교)"
184,상지대학교대학원,"강원도 원주시 상지대길 83 (우산동, 상지대학교)"
185,서강대학교,"서울특별시 마포구 백범로 35 (신수동, 서강대학교)"
186,서강대학교대학원,"서울특별시 마포구 백범로 35 (신수동, 서강대학교)"
187,서경대학교,"서울특별시 성북구 서경로 124 (정릉동, 서경대학)"
188,서경대학교 일반대학원,"서울특별시 성북구 서경로 124 (정릉동, 서경대학교)"
189,서울신학대학교,"경기도 부천시 소사구 호현로489번길 52 (소사본동, 서울신학대학교)"
190,서울신학대학교대학원,"경기도 부천시 소사구 호현로489번길 52 (소사본동, 서울신학대학교)"
191,서울여자대학교,"서울특별시 노원구 화랑로 621 (공릉동, 서울여자대학교)"
192,서울여자대학교 대학원,"서울특별시 노원구 화랑로 621 (공릉동, 서울여자대학교)"
193,서울장신대학교,"경기도 광주시 경안로 145 (경안동, 서울장신대학교)"
194,서울장신대학교 일반대학원,"경기도 광주시 경안로 145 (경안동, 서울장신대학교)"
195,서원대학교,"충청북도 청주시 서원구 무심서로 377-3 (모충동, 서원대학교)"
196,서원대학교교육대학원,"충청북도 청주시 서원구 무심서로 377-3 (모충동, 서원대학교)"
197,서원대학교산업대학원,"충청북도 청주시 서원구 무심서로 377-3 (모충동, 서원대학교)"
198,서원대학교정보통신대학원,"충청북도 청주시 서원구 무심서로 377-3 (모충동, 서원대학교)"
199,선문대학교,"충청남도 아산시 탕정면 선문로221번길 70 (갈산리, 선문대학교)"
200,선문대학교대학원,"충청남도 아산시 탕정면 선문로221번길 70 (갈산리, 선문대학교)"
201,성결대학교,"경기도 안양시 만안구 성결대학로 53 (안양동, 성결대학교)"
202,성결대학교일반대학원,"경기도 안양시 만안구 성결대학로 53 (안양동, 성결대학교)"
203,성공회대학교,"서울특별시 구로구 연동로 320 (항동, 성공회대학교)"
204,성공회대학교대학원,"서울특별시 구로구 연동로 320 (항동, 성공회대학교)"
205,성균관대학교,"서울특별시 종로구 성균관로 25-2 (명륜3가, 성균관대학교)"
206,성균관대학교 일반대학원,"서울특별시 종로구 성균관로 25-2 (명륜3가, 성균관대학교)"
207,성신여자대학교,"서울특별시 성북구 보문로34다길 2 (돈암동, 성신여자대학교)"
208,성신여자대학교대학원,"서울특별시 성북구 보문로34다길 2 (돈암동, 성신여자대학교)"
209,세명대학교,"충청북도 제천시 세명로 65 (신월동, 세명대학교)"
210,세명대학교일반대학원,"충청북도 제천시 세명로 65 (신월동, 세명대학교)"
211,세종대학교,"서울특별시 광진구 능동로 209 (군자동, 세종대학교)"
212,세종대학교일반대학원,"서울특별시 광진구 능동로 209 (군자동, 세종대학교)"
213,수원가톨릭대학교,"경기도 화성시 봉담읍 왕림1길 67 (왕림리, 수원가톨릭대학교)"
214,수원가톨릭대학교대학원,"경기도 화성시 봉담읍 왕림1길 67 (왕림리, 수원가톨릭대학교)"
215,수원대학교,"경기도 화성시 봉담읍 와우안길 17 (와우리, 수원대학교)"
216,수원대학교일반대학원,"경기도 화성시 봉담읍 와우안길 17 (와우리, 수원대학교)"
217,숙명여자대학교,"서울특별시 용산구 청파로47길 100 (청파동2가, 숙명여자대학교)"
218,숙명여자대학교 일반대학원,"서울특별시 용산구 청파로47길 100 (청파동2가, 숙명여자대학교)"
219,순천향대학교,"충청남도 아산시 신창면 순천향로 22 (읍내리, 순천향대학교)"
220,순천향대학교대학원,"충청남도 아산시 신창면 순천향로 22 (읍내리, 순천향대학교대학원)"
221,숭실대학교,"서울특별시 동작구 상도로 369 (상도동, 숭실대학교)"
222,숭실대학교 대학원,"서울특별시 동작구 상도로 369 (상도동, 숭실대학교)"
223,숭실대학교 경영대학원,"서울특별시 동작구 상도로 369 (상도동, 숭실대학교)"
224,숭실대학교 교육대학원,"서울특별시 동작구 상도로 369 (상도동, 숭실대학교)"
225,숭실대학교 기독교학대학원,"서울특별시 동작구 상도로 369 (상도동, 숭실대학교)"
226,숭실대학교 사회복지대학원,"서울특별시 동작구 상도로 369 (상도동, 숭실대학교)"
227,숭실대학교 정보과학대학원,"서울특별시 동작구 상도로 369 (상도동, 숭실대학교)"
228,숭실대학교 중소기업대학원,"서울특별시 동작구 상도로 369 (상도동, 숭실대학교)"
229,신라대학교,"부산광역시 사상구 백양대로700번길 140 (괘법동, 신라대학교)"
230,신라대학교 대학원,"부산광역시 사상구 백양대로700번길 140 (괘법동, 신라대학교)"
231,아세아연합신학대학교,"경기도 양평군 옥천면 경강로 1276 (아신리, 아세아연합신학대학교)"
232,아세아연합신학대학교대학원,"경기도 양평군 옥천면 경강로 1276 (아신리, 아세아연합신학대학교)"
233,아주대학교,"경기도 수원시 영통구 월드컵로 206 (원천동, 아주대학교)"
234,아주대학교대학원,"경기도 수원시 영통구 월드컵로 206 (원천동, 아주대학교)"
235,안양대학교,"경기도 안양시 만안구 삼덕로37번길 22 (안양동, 안양대학교)"
236,안양대학교,"인천광역시 강화군 불은면 중앙로 602-14 (삼성리, 안양대학교강화캠퍼스)"
237,안양대학교대학원,"경기도 안양시 만안구 삼덕로37번길 22 (안양동, 안양대학교)"
238,연세대학교,"서울특별시 서대문구 연세로 50 (신촌동, 연세대학교)"
239,연세대학교 미래캠퍼스,"강원도 원주시 흥업면 연세대길 1 (매지리, 연세대학교)"
240,연세대학교 대학원,"서울특별시 서대문구 연세로 50 (신촌동, 연세대학교)"
241,연세대학교 일반대학원,"강원도 원주시 흥업면 연세대길 1 (매지리, 연세대학교)"
242,영남대학교,"경상북도 경산시 대학로 280 (대동, 영남대학교)"
243,영남대학교 일반대학원,"경상북도 경산시 대학로 280 (대동, 영남대학교)"
244,영남신학대학교,"경상북도 경산시 진량읍 봉회1길 26 (봉회리, 영남신학대학교)"
245,영남신학대학교대학원,"경상북도 경산시 진량읍 봉회1길 26 (봉회리, 영남신학대학교)"
246,유원대학교,"충청북도 영동군 영동읍 대학로 310 (설계리, U1대학교)"
247,유원대학교산업정보대학원,"충청북도 영동군 영동읍 대학로 310 (설계리, U1대학교)"
248,영산선학대학교,전라남도 영광군 백수읍 성지로 1357 (길용리)
249,용인대학교,"경기도 용인시 처인구 용인대학로 134 (삼가동, 용인대학교)"
250,용인대학교일반대학원,"경기도 용인시 처인구 용인대학로 134 (삼가동, 용인대학교)"
251,우석대학교,"전라북도 완주군 삼례읍 삼례로 443 (후정리, 우석대학교)"
252,우석대학교 일반대학원,"전라북도 완주군 삼례읍 삼례로 443 (후정리, 우석대학교)"
253,울산대학교,"울산광역시 남구 대학로 93 (무거동, 울산대학교)"
254,울산대학교 대학원,"울산광역시 남구 대학로 93 (무거동, 울산대학교)"
255,원광대학교,"전라북도 익산시 익산대로 460 (신동, 원광대학교)"
256,원광대학교 대학원,"전라북도 익산시 익산대로 460 (신동, 원광대학교)"
257,위덕대학교,"경상북도 경주시 강동면 동해대로 261 (유금리, 위덕대학교)"
258,위덕대학교 대학원,"경상북도 경주시 강동면 동해대로 261 (유금리, 위덕대학교)"
259,을지대학교,"대전광역시 중구 계룡로771번길 77 (목동, 을지대학교대전캠퍼스)"
260,을지대학교,"경기도 성남시 수정구 산성대로 553 (양지동, 을지대학교)"
261,을지대학교일반대학원,"대전광역시 중구 계룡로771번길 77 (목동, 을지대학교대전캠퍼스)"
262,이화여자대학교,"서울특별시 서대문구 이화여대길 52 (대현동, 이화여자대학교)"
263,이화여자대학교 대학원,"서울특별시 서대문구 이화여대길 52 (대현동, 이화여자대학교)"
264,인제대학교,"경상남도 김해시 인제로 197 (어방동, 인제대학교)"
265,인제대학교,"부산광역시 부산진구 복지로 75 (개금동, 부산백병원)"
266,인제대학교 일반대학원,"경상남도 김해시 인제로 197 (어방동, 인제대학교)"
267,인천가톨릭대학교,인천광역시 강화군 양도면 고려왕릉로 53-1 (도장리)
268,인천가톨릭대학교,"인천광역시 연수구 해송로 12 (송도동, 인천가톨릭대학교)"
269,인천가톨릭대학교대학원,"인천광역시 강화군 양도면 고려왕릉로 53-1 (도장리, 인천가톨릭대학교)"
270,인천가톨릭대학교 일반대학원,"인천광역시 연수구 해송로 12 (송도동, 인천가톨릭대학교)"
271,인하대학교,"인천광역시 남구 인하로 100 (용현동, 인하대학교)"
272,인하대학교대학원,"인천광역시 남구 인하로 100 (용현동, 인하대학교)"
273,장로회신학대학교,"서울특별시 광진구 광장로5길 25-1 (광장동, 장로회신학대학교)"
274,장로회신학대학교 일반대학원,"서울특별시 광진구 광장로5길 25-1 (광장동, 장로회신학대학교)"
275,전주대학교,"전라북도 전주시 완산구 천잠로 303 (효자동2가, 전주대학교)"
276,전주대학교 일반대학원,"전라북도 전주시 완산구 천잠로 303 (효자동2가, 전주대학교)"
277,조선대학교,"광주광역시 동구 필문대로 309 (서석동, 조선대학교)"
278,조선대학교대학원,"광주광역시 동구 필문대로 309 (서석동, 조선대학교)"
279,중부대학교,"충청남도 금산군 추부면 대학로 201 (마전리, 중부대학교)"
280,중부대학교일반대학원,"충청남도 금산군 추부면 대학로 201 (마전리, 중부대학교)"
281,중앙대학교 서울캠퍼스,"서울특별시 동작구 흑석로 84 (흑석동, 중앙대학교)"
282,중앙대학교 안성캠퍼스,"경기도 안성시 대덕면 서동대로 4726 (내리, 중앙대학교)"
283,중앙대학교 대학원,"서울특별시 동작구 흑석로 84 (흑석동, 중앙대학교)"
284,중앙대학교 대학원,"경기도 안성시 대덕면 서동대로 4726 (내리, 중앙대학교)"
285,중앙승가대학교,경기도 김포시 승가로 123 (풍무동)
286,중앙승가대학교대학원,경기도 김포시 승가로 123 (풍무동)
287,백석대학교,"충청남도 천안시 동남구 문암로 76 (안서동, 백석대학교)"
288,백석대학교 교육대학원,"서울특별시 서초구 방배로9길 15 (방배동, 목양동백석대학교)"
289,청주대학교,"충청북도 청주시 청원구 대성로 298 (내덕동, 청주대학교)"
290,청주대학교일반대학원,"충청북도 청주시 청원구 대성로 298 (내덕동, 청주대학교)"
291,총신대학교,"서울특별시 동작구 사당로 143 (사당동, 총신대학교)"
292,총신대학교일반대학원,"서울특별시 동작구 사당로 143 (사당동, 총신대학교)"
293,추계예술대학교,"서울특별시 서대문구 북아현로11가길 7 (북아현동, 추계예술대학교)"
294,추계예술대학교 일반대학원,"서울특별시 서대문구 북아현로11가길 7 (북아현동, 추계예술대학교)"
295,침례신학대학교,"대전광역시 유성구 북유성대로 190 (하기동, 침례신학대학교)"
296,침례신학대학교대학원,"대전광역시 유성구 북유성대로 190 (하기동, 침례신학대학교)"
297,칼빈대학교,"경기도 용인시 기흥구 마북로 184 (마북동, 칼빈대학교)"
298,칼빈대학교대학원,"경기도 용인시 기흥구 마북로 184 (마북동, 칼빈대학교)"
299,칼빈신학대학원,"경기도 용인시 기흥구 마북로 184 (마북동, 칼빈대학교)"
300,평택대학교,"경기도 평택시 서동대로 3825 (용이동, 평택대학교)"
301,평택대학교 일반대학원,"경기도 평택시 서동대로 3825 (용이동, 평택대학교)"
302,차의과학대학교,"경기도 포천시 해룡로 120 (동교동, 포천중문의과대학)"
303,차의과학대학교 대학원,"경기도 포천시 해룡로 120 (동교동, 포천중문의과대학)"
304,포항공과대학교,"경상북도 포항시 남구 청암로 77 (지곡동, 포항공과대학교)"
305,포항공과대학교 대학원,"경상북도 포항시 남구 청암로 77 (지곡동, 포항공과대학교)"
306,한국기술교육대학교,"충청남도 천안시 동남구 병천면 충절로 1600 (가전리, 한국기술교육대학교)"
307,한국기술교육대학교 대학원,"충청남도 천안시 동남구 병천면 충절로 1600 (가전리, 한국기술교육대학교)"
308,한국기술교육대학교 IT융합과학경영산업대학원,"충청남도 천안시 동남구 병천면 충절로 1600 (가전리, 한국기술교육대학교)"
309,한국기술교육대학교테크노인력개발전문대학원,"충청남도 천안시 서북구 과수원길 18 (부대동, 한국기술교육대학교두정IOC캠퍼스)"
310,한국성서대학교,"서울특별시 노원구 동일로214길 32 (상계동, 한국성서대학교)"
311,한국성서대학교대학원,"서울특별시 노원구 동일로214길 32 (상계동, 한국성서대학교)"
312,한국외국어대학교,"서울특별시 동대문구 이문로 107 (이문동, 한국외국어대학교)"
313,한국외국어대학교 일반대학원,"서울특별시 동대문구 이문로 107 (이문동, 한국외국어대학교)"
314,한국항공대학교,"경기도 고양시 덕양구 항공대학로 76 (화전동, 한국항공대학교)"
315,한국항공대학교대학원,"경기도 고양시 덕양구 항공대학로 76 (화전동, 한국항공대학교)"
316,한국항공대학교 항공·경영대학원,"경기도 고양시 덕양구 항공대학로 76 (화전동, 한국항공대학교)"
317,한남대학교,"대전광역시 대덕구 한남로 70 (오정동, 한남대학교)"
318,한남대학교대학원,"대전광역시 대덕구 한남로 70 (오정동, 한남대학교)"
319,한동대학교,"경상북도 포항시 북구 흥해읍 한동로 558 (남송리, 한동대학교)"
320,한동대학교 일반대학원,"경상북도 포항시 북구 흥해읍 한동로 558 (남송리, 한동대학교)"
321,한라대학교,"강원도 원주시 흥업면 한라대길 28 (흥업리, 한라대학교)"
322,한라대학교정보산업대학원,"강원도 원주시 흥업면 한라대길 28 (흥업리, 한라대학교)"
323,한림대학교,"강원도 춘천시 한림대학길 1 (옥천동, 한림대학교)"
324,한림대학교대학원,"강원도 춘천시 한림대학길 1 (옥천동, 한림대학교)"
325,한서대학교,"충청남도 서산시 해미면 한서1로 46 (대곡리, 한서대학교)"
326,한서대학교대학원,"충청남도 서산시 해미면 한서1로 46 (대곡리, 한서대학교)"
327,한성대학교,"서울특별시 성북구 삼선교로16길 116 (삼선동2가, 한성대학교)"
328,한성대학교일반대학원,"서울특별시 성북구 삼선교로16길 116 (삼선동2가, 한성대학교)"
329,한세대학교,"경기도 군포시 한세로 30 (당정동, 한세대학교)"
330,한세대학교 대학원,"경기도 군포시 한세로 30 (당정동, 한세대학교)"
331,한신대학교,"경기도 오산시 한신대길 137 (양산동, 한신대학교)"
332,한신대학교대학원,"경기도 오산시 한신대길 137 (양산동, 한신대학교)"
333,한양대학교,"서울특별시 성동구 왕십리로 222 (사근동, 한양대학교)"
334,한양대학교,"경기도 안산시 상록구 한양대학로 55 (사동, 한양대학교)"
335,한양대학교대학원,"서울특별시 성동구 왕십리로 222 (사근동, 한양대학교)"
336,한양대학교 대학원,"경기도 안산시 상록구 한양대학로 55 (사동, 한양대학교)"
337,서울한영대학교,"서울특별시 구로구 경인로 290-42 (개봉동, 한영신학대학교)"
338,서울한영대학교 일반대학원,"서울특별시 구로구 경인로 290-42 (개봉동, 한영신학대학교)"
339,한일장신대학교,"전라북도 완주군 상관면 왜목로 726-15 (신리, 한일장신대학교)"
340,한일장신대학교 일반대학원,"전라북도 완주군 상관면 왜목로 726-15 (신리, 한일장신대학교)"
341,협성대학교,"경기도 화성시 봉담읍 최루백로 72 (상리, 협성대학교)"
342,협성대학교일반대학원,"경기도 화성시 봉담읍 최루백로 72 (상리, 협성대학교)"
343,호남대학교,"광주광역시 광산구 호남대길 100 (서봉동, 호남대학교광산캠퍼스)"
344,호남대학교 일반대학원,"광주광역시 광산구 호남대길 100 (서봉동, 호남대학교광산캠퍼스)"
345,호남신학대학교,"광주광역시 남구 제중로 77 (양림동, 호남신학대학교)"
346,호남신학대학교대학원,"광주광역시 남구 제중로 77 (양림동, 호남신학대학교)"
347,호서대학교,"충청남도 아산시 배방읍 호서로79번길 20 (세출리, 호서대학교)"
348,호서대학교 대학원,"충청남도 아산시 배방읍 호서로79번길 20 (세출리, 호서대학교)"
349,홍익대학교,"서울특별시 마포구 와우산로 94 (상수동, 홍익대학교)"
350,홍익대학교 세종캠퍼스,"세종특별자치시 조치원읍 세종로 2639 (신안리, 홍익대학교세종캠퍼스)"
351,홍익대학교 세종캠퍼스,"세종특별자치시 조치원읍 세종로 2639 (신안리, 홍익대학교세종캠퍼스)"
352,홍익대학교 대학원,"서울특별시 마포구 와우산로 94 (상수동, 홍익대학교)"
353,홍익대학교 일반대학원,"세종특별자치시 조치원읍 세종로 2639 (신안리, 홍익대학교세종캠퍼스)"
354,꽃동네대학교,"충청북도 청주시 서원구 현도면 상삼길 133 (상삼리, 꽃동네대학교)"
355,남부대학교,"광주광역시 광산구 첨단중앙로 23 (월계동, 남부대학교)"
356,남부대학교 일반대학원,"광주광역시 광산구 첨단중앙로 23 (월계동, 남부대학교)"
357,예원예술대학교,"전라북도 임실군 신평면 창인로 117 (창인리, 예원예술학교)"
358,예원예술대학교,"경기도 양주시 은현면 화합로1134번길 110 (용암리, 예원예술대학교양주캠퍼스)"
359,목포가톨릭대학교,"전라남도 목포시 영산로 697 (석현동, 목포가톨릭대학교)"
360,부산장신대학교,경상남도 김해시 김해대로 1894-68 (구산동)
361,부산장신대학교일반대학원,경상남도 김해시 김해대로 1894-68 (구산동)
362,금강대학교,"충청남도 논산시 상월면 상월로 522 (대명리, 금강대학교)"
363,금강대학교 일반대학원,"충청남도 논산시 상월면 상월로 522 (대명리, 금강대학교)"
364,예수대학교,"전라북도 전주시 완산구 서원로 383 (중화산동1가, 예수대학교)"
365,예수대학교 일반대학원,"전라북도 전주시 완산구 서원로 383 (중화산동1가, 예수대학교)"
366,한국국제대학교,"경상남도 진주시 문산읍 동부로 965 (상문리, 한국국제대학교)"
367,한국국제대학교 일반대학원,"경상남도 진주시 문산읍 동부로 965 (상문리, 한국국제대학교)"
368,한북대학교,"경기도 동두천시 벌마들로40번길 30 (상패동, 신한대학교)"
369,광주대학교,"광주광역시 남구 효덕로 277 (진월동, 광주대학교)"
370,광주대학교 일반대학원,"광주광역시 남구 효덕로 277 (진월동, 광주대학교)"
371,광주대학교사회복지전문대학원,"광주광역시 남구 효덕로 277 (진월동, 광주대학교)"
372,광주대학교 보건상담정책대학원,"광주광역시 남구 효덕로 277 (진월동, 광주대학교)"
373,신경대학교,"경기도 화성시 남양읍 남양중앙로 400-5 (남양리, 신경대학교)"
374,동명대학교,"부산광역시 남구 신선로 428 (용당동, 동명대학교)"
375,동명대학교 일반대학원,"부산광역시 남구 신선로 428 (용당동, 동명대학교)"
376,동명대학교 복지산업대학원,"부산광역시 남구 신선로 428 (용당동, 동명대학교)"
377,영산대학교,"경상남도 양산시 주남로 288 (주남동, 영산대학교양산캠퍼스)"
378,영산대학교,"부산광역시 해운대구 반송순환로 142 (반송동, 영산대학교해운대캠퍼스)"
379,영산대학교 일반대학원,"경상남도 양산시 주남로 288 (주남동, 영산대학교양산캠퍼스)"
380,대전신학대학교,"대전광역시 대덕구 한남로 41 (오정동, 대전신학대학교)"
381,대전신학대학교 일반대학원,"대전광역시 대덕구 한남로 41 (오정동, 대전신학대학교)"
382,대전신학대학교 신학대학원,"대전광역시 대덕구 한남로 41 (오정동, 대전신학대학교)"
383,중원대학교,"충청북도 괴산군 괴산읍 문무로 85 (동부리, 중원대학교)"
384,중원대학교 일반대학원,"충청북도 괴산군 괴산읍 문무로 85 (동부리, 중원대학교)"
385,우송대학교(본교),"대전광역시 동구 동대전로 171 (자양동, 우송정보대학,우송대서캠퍼스)"
386,우송대학교 일반대학원,"대전광역시 동구 동대전로 171 (자양동, 우송정보대학,우송대서캠퍼스)"
387,김천대학교,"경상북도 김천시 대학로 214 (삼락동, 김천대학교)"
388,김천대학교 상담·신학·경영대학원,"경상북도 김천시 대학로 214 (삼락동, 김천대학교)"
389,김천대학교 글로컬휴먼대학원,"경상북도 김천시 대학로 214 (삼락동, 김천대학교)"
390,한려대학교,"전라남도 광양시 광양읍 한려대길 94-13 (덕례리, 한려대학교)"
391,한려대학교 일반대학원,"전라남도 광양시 광양읍 한려대길 94-13 (덕례리, 한려대학교)"
392,송원대학교,"광주광역시 남구 송암로 73 (송하동, 송원대학)"
393,송원대학교 휴먼산업대학원,"광주광역시 남구 송암로 73 (송하동, 송원대학)"
394,경운대학교,"경상북도 구미시 산동면 강동로 730 (인덕리, 경운대학교)"
395,경운대학교 일반대학원,"경상북도 구미시 산동면 강동로 730 (인덕리, 경운대학교)"
396,남서울대학교,"충청남도 천안시 서북구 성환읍 대학로 91 (매주리, 남서울대학교)"
397,남서울대학교 일반대학원,"충청남도 천안시 서북구 성환읍 대학로 91 (매주리, 남서울대학교)"
398,초당대학교,"전라남도 무안군 무안읍 무안로 380 (성남리, 초당대학교)"
399,초당대학교 일반대학원,"전라남도 무안군 무안읍 무안로 380 (성남리, 초당대학교)"
400,한국산업기술대학교,"경기도 시흥시 산기대학로 237 (정왕동, 한국산업기술대학교)"
401,한국산업기술대학교 일반대학원,"경기도 시흥시 산기대학로 237 (정왕동, 한국산업기술대학교)"
402,제주국제대학교,제주특별자치도 제주시 516로 2870 (영평동)
403,제주국제대학교 일반대학원,제주특별자치도 제주시 516로 2870 (영평동)
404,창신대학교,"경상남도 창원시 마산회원구 팔용로 262 (합성동, 창신대학)"
405,창신대학교 대학원,"경상남도 창원시 마산회원구 팔용로 262 (합성동, 창신대학교)"
406,신한대학교,"경기도 동두천시 벌마들로40번길 30 (상패동, 신한대학교)"
407,신한대학교,"경기도 의정부시 호암로 95 (호원동, 신한대학교)"
408,신한대학교 일반대학원,"경기도 동두천시 벌마들로40번길 30 (상패동, 신한대학교)"
409,울산과학기술원,"울산광역시 울주군 언양읍 유니스트길 50 (반연리, 울산과학기술대학교)"
410,울산과학기술원 일반대학원,"울산광역시 울주군 언양읍 유니스트길 50 (반연리, 울산과학기술대학교)"
411,공주교육대학교,"충청남도 공주시 웅진로 27 (봉황동, 공주교육대학교)"
412,공주교육대학교교육대학원,"충청남도 공주시 웅진로 27 (봉황동, 공주교육대학교)"
413,광주교육대학교,"광주광역시 북구 필문대로 55 (풍향동, 광주교육대학교)"
414,광주교육대학교교육대학원,"광주광역시 북구 필문대로 55 (풍향동, 광주교육대학원)"
415,대구교육대학교,"대구광역시 남구 중앙대로 219 (대명동, 대구교육대학교)"
416,대구교육대학교교육대학원,"대구광역시 남구 중앙대로 219 (대명동, 대구교육대학교)"
417,부산교육대학교,"부산광역시 연제구 교대로 24 (거제동, 부산교육대학교)"
418,부산교육대학교교육대학원,"부산광역시 연제구 교대로 24 (거제동, 부산교육대학교)"
419,서울교육대학교,"서울특별시 서초구 서초중앙로 96 (서초동, 서울교육대학교,서울교대초등학교)"
420,서울교육대학교 교육대학원,"서울특별시 서초구 서초중앙로 96 (서초동, 서울교육대학교,서울교대초등학교)"
421,서울교육대학교 교육전문대학원,"서울특별시 서초구 서초중앙로 96 (서초동, 서울교육대학교,서울교대초등학교)"
422,경인교육대학교,"인천광역시 계양구 계산로 62 (계산동, 경인교육대학교)"
423,경인교육대학교,"경기도 안양시 만안구 삼막로 155 (석수동, 경인교육대학교)"
424,경인교육대학교 교육전문대학원,"인천광역시 계양구 계산로 62 (계산동, 경인교육대학교)"
425,전주교육대학교,"전라북도 전주시 완산구 서학로 50 (동서학동, 전주교육대학교)"
426,전주교육대학교교육대학원,"전라북도 전주시 완산구 서학로 50 (동서학동, 전주교육대학교)"
427,진주교육대학교,"경상남도 진주시 진양호로369번길 3 (신안동, 진주교육대학교)"
428,진주교육대학교교육대학원,"경상남도 진주시 진양호로369번길 3 (신안동, 진주교육대학교)"
429,청주교육대학교,"충청북도 청주시 서원구 청남로 2065 (수곡동, 청주교육대학교)"
430,청주교육대학교교육대학원,"충청북도 청주시 서원구 청남로 2065 (수곡동, 청주교육대학교)"
431,춘천교육대학교,"강원도 춘천시 공지로 126 (석사동, 춘천교육대학교)"
432,춘천교육대학교교육대학원,"강원도 춘천시 공지로 126 (석사동, 춘천교육대학교)"
433,한밭대학교,"대전광역시 유성구 동서대로 125 (덕명동, 한밭대학교)"
434,한경대학교(산업대),경기도 안성시 중앙로 327 (석정동)
435,한경대학교(산업대학) 공공정책대학원,"경기도 안성시 중앙로 327 (석정동, 한경대학교)"
436,한경대학교산업대학원(산업대),경기도 안성시 중앙로 327 (석정동)
437,한경대학교 국제개발협력대학원(산업대),경기도 안성시 중앙로 327 (석정동)
438,한경대학교 미래융합기술대학원(산업대),경기도 안성시 중앙로 327 (석정동)
439,진주산업대학교,"경상남도 진주시 동진로 33 (칠암동, 경남과학기술대학교)"
440,진주산업대학교 산업대학원,"경상남도 진주시 동진로 33 (칠암동, 경남과학기술대학교)"
441,진주산업대학교 벤처창업대학원,"경상남도 진주시 동진로 33 (칠암동, 경남과학기술대학교)"
442,한국산업기술대학교,"경기도 시흥시 산기대학로 237 (정왕동, 한국산업기술대학교)"
443,한국산업기술대학교 산업기술경영대학원,"경기도 시흥시 산기대학로 237 (정왕동, 한국산업기술대학교)"
444,한국산업기술대학교 지식기반기술·에너지대학원,"경기도 시흥시 산기대학로 237 (정왕동, 한국산업기술대학교)"
445,한국방송통신대학교,"서울특별시 종로구 대학로 86 (동숭동, 한국방송통신대학교)"
446,한국방송통신대학교 경영대학원,"서울특별시 종로구 대학로 86 (동숭동, 한국방송통신대학교)"
447,한국방송통신대학교 대학원,"서울특별시 종로구 대학로 86 (동숭동, 한국방송통신대학교)"
448,남서울대학교,"충청남도 천안시 서북구 성환읍 대학로 91 (매주리, 남서울대학교)"
449,남서울대학교 특수대학원,"충청남도 천안시 서북구 성환읍 대학로 91 (매주리, 남서울대학교)"
450,우송대학교(산업대),"대전광역시 동구 동대전로 171 (자양동, 우송정보대학,우송대서캠퍼스)"
451,호원대학교,"전라북도 군산시 임피면 호원대3길 64 (월하리, 호원대학교)"
452,청운대학교,"충청남도 홍성군 홍성읍 대학길 25 (남장리, 청운대학교)"
453,청운대학교 대학원,충청남도 홍성군 홍성읍 대학길 25 (남장리)
454,경운대학교,"경상북도 구미시 산동면 강동로 724-5 (인덕리, 경운대학교)"
455,정석대학,"서울특별시 강서구 하늘길 260 (공항동, 대한항공)"
456,삼성중공업공과대학,"경상남도 거제시 장평3로 80 (장평동, 삼성중공업(주)거제조선소)"
457,SPC식품과학대학,서울특별시 동작구 신대방16다길 14 (신대방동)
458,대우조선해양공과대학,"경상남도 거제시 거제대로 3370 (아주동, 대우조선해양)"
459,현대중공업공과대학,"울산광역시 동구 방어진순환도로 1000 (전하동, 현대중공업(주))"
460,포스코기술대학,"경상북도 포항시 남구 지곡로 120 (지곡동, 포스코인재개발원)"
461,포스코기술대학,"전라남도 광양시 금호로 215 (금호동, 백운아트홀)"
462,삼성전자공과대학교,"경기도 용인시 기흥구 삼성로 1 (농서동, 삼성전자(주)기흥캠퍼스)"
463,KDB금융대학교,"서울특별시 영등포구 은행로 14 (여의도동, 산업은행본점)"
464,LH토지주택대학교,"대전광역시 유성구 엑스포로539번길 99 (전민동, LH토지주택연구원)"
465,국제예술대학교,"서울특별시 강남구 도산대로30길 47 (논현동, 국제예술대학교)"
466,백석예술대학교,"서울특별시 서초구 방배로9길 23 (방배동, 백석예술대학교)"
467,정화예술대학교,"서울특별시 중구 퇴계로16길 21 (남산동1가, 정화예술대학교명동캠퍼스본관)"
468,정화예술대학교,"서울특별시 중구 퇴계로8길 73 (회현동1가, 정화예술대학교남산캠퍼스)"
469,강원도립대학교,"강원도 강릉시 주문진읍 연주로 270 (교항리, 강원도립대학)"
470,경남도립거창대학,"경상남도 거창군 거창읍 거창대학로 72 (대평리, 경남도립거창대학)"
471,경남도립남해대학,"경상남도 남해군 남해읍 화전로78번길 30 (남변리, 경남도립남해대학)"
472,경북도립대학교,"경상북도 예천군 예천읍 도립대학길 114 (청복리, 경북도립대학교)"
473,충북도립대학교,"충청북도 옥천군 옥천읍 대학길 15 (문정리, 충북도립대학교)"
474,충남도립대학교,"충청남도 청양군 청양읍 학사길 55 (벽천리, 충남도립대학교)"
475,한국복지대학교,"경기도 평택시 삼남로 283 (장안동, 국립한국재활복지대학)"
476,가톨릭상지대학교,"경상북도 안동시 상지길 45 (율세동, 가톨릭상지대학교)"
477,군산간호대학교,"전라북도 군산시 동개정길 7 (개정동, 군산간호대학교)"
478,거제대학교,"경상남도 거제시 마전1길 91 (장승포동, 거제대학)"
479,경남정보대학교,"부산광역시 사상구 주례로 45 (주례동, 경남정보대학)"
480,호산대학교,"경상북도 경산시 하양읍 대경로105길 19 (부호리, 호산대학교)"
481,경민대학교,"경기도 의정부시 서부로 545 (가능동, 경민대학)"
482,영남외국어대학,"경상북도 경산시 남천면 남천로 780-9 (협석리, 영남외국어대학)"
483,경북전문대학교,"경상북도 영주시 대학로 77 (휴천동, 경북전문대학교)"
484,경복대학교,"경기도 남양주시 진접읍 경복대로 425 (금곡리, 경복대학교)"
485,경인여자대학교,"인천광역시 계양구 계양산로 63 (계산동, 경인여자대학)"
486,서라벌대학교,"경상북도 경주시 태종로 516 (충효동, 서라벌대학)"
487,계명문화대학교,"대구광역시 달서구 달서대로 675 (신당동, 계명문화대학교)"
488,계원예술대학교,"경기도 의왕시 계원대학로 66 (내손동, 계원예술대학교)"
489,광양보건대학교,"전라남도 광양시 광양읍 대학로 85 (덕례리, 광양보건대학)"
490,광주보건대학교,"광주광역시 광산구 북문대로419번길 73 (신창동, 광주보건대학)"
491,구미대학교,"경상북도 구미시 야은로 37 (부곡동, 구미대학교)"
492,서해대학,"전라북도 군산시 서해대길 6 (오룡동, 서해대학)"
493,군장대학교,"전라북도 군산시 성산면 군장대길 13 (도암리, 군장대학)"
494,강동대학교,"충청북도 음성군 감곡면 대학길 278 (단평리, 강동대학교)"
495,고구려대학교,"전라남도 나주시 다시면 백호로 125 (복암리, 고구려대학)"
496,기독간호대학교,"광주광역시 남구 백서로70번길 6 (양림동, 기독간호대학)"
497,전주기전대학,"전라북도 전주시 완산구 전주천서로 267 (중화산동1가, 전주기전대학)"
498,경북보건대학교,"경상북도 김천시 대학로 168 (삼락동, 경북보건대학교)"
499,김포대학교,"경기도 김포시 월곶면 김포대학로 97 (포내리, 김포대학교)"
500,농협대학교,"경기도 고양시 덕양구 서삼릉길 281 (원당동, 농협대학)"
501,대경대학교,"경상북도 경산시 자인면 단북1길 65 (단북리, 대경대학)"
502,대구공업대학교,"대구광역시 달서구 송현로 205 (본동, 대구공업대학)"
503,대구보건대학교,"대구광역시 북구 영송로 15 (태전동, 대구보건대학)"
504,수성대학교,"대구광역시 수성구 달구벌대로528길 15 (만촌동, 수성대학교)"
505,대구과학대학교,"대구광역시 북구 영송로 47 (태전동, 대구과학대학)"
506,대동대학교,"부산광역시 금정구 동부곡로27번길 88 (부곡동, 대동대학교)"
507,대림대학교,"경기도 안양시 동안구 임곡로 29 (비산동, 대림대학교)"
508,대원대학교,"충청북도 제천시 대학로 316 (신월동, 대원대학)"
509,동서울대학교,"경기도 성남시 수정구 복정로 76 (복정동, 동서울대학)"
510,대전보건대학교,"대전광역시 동구 충정로 21 (가양동, 대전보건대학)"
511,우송정보대학,"대전광역시 동구 백룡로 59 (자양동, 우송정보대학동캠퍼스)"
512,대전과학기술대학교,"대전광역시 서구 혜천로 100 (복수동, 대전과학기술대학교)"
513,아주자동차대학,"충청남도 보령시 주포면 대학길 106 (관산리, 아주자동차대학교)"
514,인천재능대학교,"인천광역시 동구 재능로 178 (송림동, 재능대학)"
515,경북과학대학교,"경상북도 칠곡군 기산면 지산로 634 (봉산리, 경북과학대학교)"
516,동남보건대학교,"경기도 수원시 장안구 천천로74번길 50 (정자동, 동남보건대학)"
517,동부산대학교,"부산광역시 해운대구 운봉길 60 (반송동, 동부산대학교)"
518,동강대학교,"광주광역시 북구 동문대로 50 (풍향동, 동강대학교)"
519,동아방송예술대학교,"경기도 안성시 삼죽면 동아예대길 47 (진촌리, 동아방송예술대학교)"
520,동아보건대학교,"전라남도 영암군 학산면 영산로 76-57 (독천리, 동아보건대학교)"
521,동양미래대학교,"서울특별시 구로구 경인로 445 (고척동, 동양미래대학교)"
522,동우대학,"강원도 속초시 도리원길 5 (노학동, 동우대학)"
523,동원대학교,"경기도 광주시 곤지암읍 경충대로 26 (신촌리, 동원대학)"
524,동의과학대학교,"부산광역시 부산진구 양지로 54 (양정동, 동의과학대학)"
525,동주대학교,"부산광역시 사하구 사리로55번길 16 (괴정동, 동주대학)"
526,두원공과대학교,"경기도 안성시 죽산면 관음당길 51 (장원리, 두원공과대학교)"
527,마산대학교,"경상남도 창원시 마산회원구 내서읍 함마대로 2640 (용담리, 마산대학)"
528,명지전문대학,"서울특별시 서대문구 가좌로 134 (홍은동, 명지전문대학)"
529,목포과학대학교,"전라남도 목포시 영산로 413-1 (상동, 목포과학대학)"
530,문경대학교,"경상북도 문경시 호계면 대학길 161 (별암리, 문경대학)"
531,배화여자대학교,"서울특별시 종로구 필운대로1길 34 (필운동, 배화여자대학)"
532,백제예술대학교,"전라북도 완주군 봉동읍 백제대학로 171 (제내리, 백제예술대학교)"
533,부산경상대학교,"부산광역시 연제구 고분로 170 (연산동, 부산경상대학)"
534,부산여자대학교,"부산광역시 부산진구 진남로 506 (양정동, 부산여자대학)"
535,부산과학기술대학교,"부산광역시 북구 시랑로132번길 88 (구포동, 부산과학기술대학교)"
536,부천대학교,"경기도 부천시 원미구 신흥로56번길 25 (심곡동, 부천대학)"
537,삼육보건대학교,서울특별시 동대문구 망우로 82 (휘경동)
538,상지영서대학교,"강원도 원주시 상지대길 84 (우산동, 상지영서대학교)"
539,서영대학교,"광주광역시 북구 서강로 1 (운암동, 서영대학교)"
540,서울여자간호대학교,"서울특별시 서대문구 간호대로 38 (홍제동, 서울여자간호대학)"
541,서울예술대학교,"경기도 안산시 단원구 예술대학로 171 (고잔동, 서울예술대학)"
542,서일대학교,"서울특별시 중랑구 용마산로90길 28 (면목동, 서일대학)"
543,성운대학교,"경상북도 영천시 신녕면 대학길 105 (화남리, 성덕대학교)"
544,성심외국어대학,"부산광역시 해운대구 반송순환로 142 (반송동, 영산대학교부산캠퍼스)"
545,송원대학,"광주광역시 남구 송암로 73 (송하동, 송원대학)"
546,수원여자대학교,"경기도 수원시 권선구 온정로 72 (오목천동, 수원여자대학)"
547,수원과학대학교,"경기도 화성시 정남면 세자로 288 (보통리, 수원과학대학)"
548,순천제일대학교,"전라남도 순천시 제일대학길 17 (덕월동, 순천제일대학)"
549,청암대학교,"전라남도 순천시 녹색로 1641 (덕월동, 순천청암대학)"
550,숭의여자대학교,"서울특별시 중구 소파로2길 10 (예장동, 숭의여자대학)"
551,신구대학교,"경기도 성남시 중원구 광명로 377 (금광동, 신구대학)"
552,신성대학교,"충청남도 당진시 정미면 대학로 1 (덕마리, 신성대학교)"
553,신흥대학교,"경기도 의정부시 호암로 95 (호원동, 신한대학교)"
554,안동과학대학교,"경상북도 안동시 서후면 서선길 189 (교리, 안동과학대학교)"
555,신안산대학교,"경기도 안산시 단원구 신안산대학로 135 (초지동, 안산공과대학)"
556,안산대학교,"경기도 안산시 상록구 안산대학로 155 (일동, 안산대학교)"
557,연성대학교,"경기도 안양시 만안구 양화로37번길 34 (안양동, 연성대학교)"
558,동원과학기술대학교,"경상남도 양산시 명곡로 321 (명곡동, 동원과학기술대학교)"
559,여주대학교,"경기도 여주시 세종로 338 (교동, 여주대학)"
560,연암공과대학교,"경상남도 진주시 진주대로629번길 35 (가좌동, 연암공업대학)"
561,연암대학교,"충청남도 천안시 서북구 성환읍 연암로 313 (수향리, 천안연암대학)"
562,영남이공대학교,"대구광역시 남구 현충로 170 (대명동, 영남이공대학)"
563,강릉영동대학교,"강원도 강릉시 공제로 357 (홍제동, 강릉영동대학)"
564,세경대학교,"강원도 영월군 영월읍 하송로 197 (하송리, 세경대학)"
565,영진전문대학교,"대구광역시 북구 복현로 35 (복현동, 영진전문대학)"
566,오산대학교,"경기도 오산시 청학로 45 (청학동, 오산대학)"
567,용인송담대학교,"경기도 용인시 처인구 동부로 61 (마평동, 용인송담대학)"
568,울산과학대학교,"울산광역시 동구 봉수로 101 (화정동, 울산과학대학동부캠퍼스)"
569,한국영상대학교,"세종특별자치시 장군면 대학길 300 (금암리, 한국영상대학교)"
570,원광보건대학교,"전라북도 익산시 익산대로 514 (신용동, 원광보건대학)"
571,유한대학교,"경기도 부천시 소사구 경인로 590 (괴안동, 유한대학)"
572,인덕대학교,"서울특별시 노원구 초안산로 12 (월계동, 인덕대학)"
573,인하공업전문대학,"인천광역시 미추홀구 인하로 100 (용현동, 인하대,인하공전,정석항공고)"
574,장안대학교,"경기도 화성시 봉담읍 삼천병마로 1182 (상리, 장안대학)"
575,전남과학대학교,전라남도 곡성군 옥과면 대학로 113 (옥과리)
576,전주비전대학교,"전라북도 전주시 완산구 천잠로 235 (효자동2가, 전주비전대학)"
577,전북과학대학교,"전라북도 정읍시 정읍사로 509 (시기동, 전북과학대학)"
578,제주관광대학교,"제주특별자치도 제주시 애월읍 평화로 2715 (광령리, 제주관광대학)"
579,조선이공대학교,"광주광역시 동구 필문대로 309-1 (서석동, 조선이공대학)"
580,조선간호대학교,"광주광역시 동구 필문대로 309-2 (서석동, 조선간호대학교)"
581,충북보건과학대학교,"충청북도 청주시 청원구 내수읍 덕암길 10 (덕암리, 충북보건과학대학교)"
582,진주보건대학교,"경상남도 진주시 의병로 51 (상봉동, 진주보건대학)"
583,창원문성대학교,"경상남도 창원시 의창구 충혼로 91 (두대동, 창원문성대학)"
584,백석문화대학교,"충청남도 천안시 동남구 문암로 58 (안서동, 백석문화대학교)"
585,청강문화산업대학교,"경기도 이천시 마장면 청강가창로 389-94 (해월리, 청강문화산업대학)"
586,춘해보건대학교,"울산광역시 울주군 웅촌면 대학길 9 (곡천리, 춘해보건대학)"
587,대덕대학교,"대전광역시 유성구 가정북로 68 (장동, 대덕대학교)"
588,충청대학교,"충청북도 청주시 흥덕구 강내면 월곡길 38 (월곡리, 충청대학)"
589,강원관광대학교,"강원도 태백시 대학길 97 (황지동, 강원관광대학)"
590,국제대학교,"경기도 평택시 장안웃길 56 (장안동, 국제대학교)"
591,선린대학교,"경상북도 포항시 북구 흥해읍 초곡길36번길 30 (초곡리, 선린대학)"
592,포항대학교,"경상북도 포항시 북구 흥해읍 신덕로 60 (죽천리, 포항대학교)"
593,제주한라대학교,"제주특별자치도 제주시 한라대학로 38 (노형동, 제주한라대학)"
594,한림성심대학교,"강원도 춘천시 동면 장학길 48 (장학리, 한림성심대학교)"
595,한양여자대학교,"서울특별시 성동구 살곶이길 200 (사근동, 한양여자대학)"
596,한영대학교,"전라남도 여수시 장군산길 18-43 (여서동, 한영대학)"
597,혜전대학교,충청남도 홍성군 홍성읍 대학1길 19 (남장리)
598,경기과학기술대학교,"경기도 시흥시 경기과기대로 269 (정왕동, 경기과학기술대학교)"
599,부산예술대학교,"부산광역시 남구 못골번영로71번길 74 (대연동, 부산예술대학)"
600,전남도립대학교,"전라남도 담양군 담양읍 죽녹원로 152 (향교리, 전남도립대학)"
601,송호대학교,"강원도 횡성군 횡성읍 남산로 210 (남산리, 송호대학교)"
602,한국관광대학교,"경기도 이천시 신둔면 이장로311번길 197-73 (고척리, 한국관광대학)"
603,서정대학교,"경기도 양주시 은현면 화합로 1049-56 (용암리, 서정대학)"
604,송곡대학교,"강원도 춘천시 남산면 송곡대학길 34 (창촌리, 송곡대학교)"
605,웅지세무대학교,"경기도 파주시 탄현면 웅지로144번길 73 (금승리, 웅지세무대학)"
606,김해대학교,"경상남도 김해시 삼안로112번길 198 (삼방동, 김해대학교)"
607,한국승강기대학교,"경상남도 거창군 거창읍 운정1길 120 (송정리, 한국승강기대학)"
608,순복음총회신학교,충청북도 제천시 덕산면 도전로 320 (도전리)
609,세계사이버대학,경기도 광주시 오포읍 태재로 90 (신현리)
610,영진사이버대학교,"대구광역시 북구 복현로 35 (복현동, 영진전문대학)"
611,한국복지사이버대학,경상북도 경산시 남천면 남천로 746-10 (협석리)
612,경희사이버대학교,"서울특별시 동대문구 경희대로 26 (회기동, 경희사이버대학교)"
613,경희사이버대학교 호텔관광대학원,"서울특별시 동대문구 경희대로 26 (회기동, 경희사이버대학교)"
614,경희사이버대학교 문화창조대학원,"서울특별시 동대문구 경희대로 26 (회기동, 경희사이버대학교)"
615,국제사이버대학교,경기도 수원시 팔달구 경수대로 490 (인계동)
616,대구사이버대학교,"경상북도 경산시 진량읍 대구대로 201 (내리리, 대구대학교경산캠퍼스)"
617,대구사이버대학교 휴먼케어대학원,"경상북도 경산시 진량읍 대구대로 201 (내리리, 대구대학교경산캠퍼스)"
618,부산디지털대학교,"부산광역시 사상구 주례로 57 (주례동, 부산디지털대학교)"
619,부산디지털대학교 휴먼서비스대학원,"부산광역시 사상구 주례로 57 (주례동, 부산디지털대학교)"
620,서울디지털대학교,"서울특별시 강서구 공항대로 424 (화곡동, 서울디지털대학교)"
621,서울사이버대학교,"서울특별시 강북구 솔매로49길 60 (미아동, 서울사이버대학교)"
622,서울사이버대학교 상담심리대학원,"서울특별시 강북구 솔매로49길 60 (미아동, 서울사이버대학교)"
623,서울사이버대학교 휴먼서비스대학원,"서울특별시 강북구 솔매로49길 60 (미아동, 서울사이버대학교)"
624,영남사이버대학교,"경상북도 경산시 남천면 남천로 780-9 (협석리, 영남외국어대학)"
625,세종사이버대학교 ,"서울특별시 광진구 군자로 121 (군자동, 세종사이버대학)"
626,세종사이버대학교  경영대학원,"서울특별시 광진구 군자로 121 (군자동, 세종사이버대학)"
627,세종사이버대학교  정보보호대학원,"서울특별시 광진구 군자로 121 (군자동, 세종사이버대학)"
628,한국열린사이버대학교,"서울특별시 중랑구 망우로 353 (상봉동, 상봉프레미어스엠코)"
629,원광디지털대학교,"전라북도 익산시 익산대로 460 (신동, 원광디지털대학교)"
630,원광디지털대학교 웰빙문화대학원,"전라북도 익산시 익산대로 460 (신동, 원광디지털대학교)"
631,고려사이버대학교,"서울특별시 종로구 북촌로 106 (계동, 고려사이버대학교)"
632,고려사이버대학교 융합정보대학원,"서울특별시 종로구 북촌로 106 (계동, 고려사이버대학교)"
633,숭실사이버대학교,"서울특별시 종로구 삼일대로30길 23 (익선동, BIZWELL종로오피스텔)"
634,디지털서울문화예술대학교,"서울특별시 서대문구 통일로37길 60 (홍제동, 디지털서울문화예술대학교)"
635,한양사이버대학교,"서울특별시 성동구 왕십리로 220 (행당동, 한양사이버대학교)"
636,한양사이버대학교 경영대학원,"서울특별시 성동구 왕십리로 220 (행당동, 한양사이버대학교)"
637,한양사이버대학교 교육정보대학원,"서울특별시 성동구 왕십리로 220 (행당동, 한양사이버대학교)"
638,한양사이버대학교 디자인대학원,"서울특별시 성동구 왕십리로 220 (행당동, 한양사이버대학교)"
639,한양사이버대학교 부동산대학원,"서울특별시 성동구 왕십리로 220 (행당동, 한양사이버대학교)"
640,한양사이버대학교 휴먼서비스대학원,"서울특별시 성동구 왕십리로 220 (행당동, 한양사이버대학교)"
641,사이버한국외국어대학교,"서울특별시 동대문구 이문로 107 (이문동, 한국외국어대학교)"
642,사이버한국외국어대학교 TESOL 대학원,"서울특별시 동대문구 이문로 107 (이문동, 한국외국어대학교)"
643,화신사이버대학교,"부산광역시 연제구 고분로191번길 1 (연산동, 화신사이버대학교)"
644,글로벌사이버대학교,"충청남도 천안시 동남구 목천읍 교천지산길 284-88 (지산리, 글로벌사이버대학교)"
645,건양사이버대학교,"대전광역시 서구 관저동로 158 (관저동, 건양대학교병원)"
646,한국개발연구원국제정책대학원대학교,"세종특별자치시 남세종로 263 (반곡동, 한국개발연구원)"
647,대한신학대학원대학교,경기도 안양시 만안구 경수대로1406번길 30 (석수동)
648,베뢰아국제대학원대학교,"서울특별시 영등포구 가마산로 359 (대림동, 베뢰아대학원대학교)"
649,건신대학원대학교,"대전광역시 중구 동서대로1327번길 40 (용두동, 건신대학원대학교)"
650,성산효대학원대학교,"인천광역시 남동구 석정로 543 (간석동, 성산효대학원대학교)"
651,원불교대학원대학교,"전라북도 익산시 익산대로33길 23 (신용동, 원불교대학원대학교)"
652,웨스트민스터신학대학원대학교,"경기도 용인시 기흥구 동백죽전대로 201-11 (중동, 웨스트민스터신학대학교)"
653,합동신학대학원대학교,"경기도 수원시 영통구 광교중앙로 50 (원천동, 합동신학대학원대학교)"
654,횃불트리니티신학대학원대학교,"서울특별시 서초구 바우뫼로31길 70 (양재동, 횃불트리니티신학대학원대학교)"
655,국제신학대학원대학교,"서울특별시 관악구 남부순환로 1548 (신림동, 국제신한대학원대학교)"
656,서울성경신학대학원대학교,"서울특별시 동작구 신대방14가길 45-1 (신대방동, 서울성경신학대학교)"
657,예명대학원대학교,서울특별시 서초구 남부순환로337가길 49 (서초동)
658,계약신학대학원대학교,"경기도 광주시 초월읍 진새골길 151-30 (대쌍령리, 계약신학대학원대학교)"
659,서울사회복지대학원대학교,서울특별시 영등포구 영신로34길 18 (영등포동4가)
660,온석대학원대학교,"경기도 용인시 처인구 남사면 아곡로96번길 79 (아곡리, 중앙신학대학원대학교)"
661,국제법률경영대학원대학교,"경기도 고양시 덕양구 내유길 230 (내유동, 국제법률경영대학원)"
662,국제영어대학원대학교,"서울특별시 강동구 양재대로81길 89 (성내동, 혁제빌딩)"
663,국제뇌교육종합대학원대학교,"충청남도 천안시 동남구 목천읍 교천지산길 284-31 (지산리, 국제뇌교육종합대학원대학교)"
664,서울불교대학원대학교,"서울특별시 금천구 독산로70길 8 (독산동, 서울불교대학원대학교)"
665,서울외국어대학원대학교,"서울특별시 서초구 남부순환로356길 85 (양재동, 서울외국어대학원대학교)"
666,서울벤처대학원대학교,"서울특별시 강남구 봉은사로 405 (삼성동, 서울벤처정보대학원대학교)"
667,성서침례대학원대학교,"경기도 이천시 대월면 대평로 548-123 (장평리, 성서침례대학교)"
668,에스라성경대학원대학교,"경기도 고양시 덕양구 대양로285번길 33-7 (고양동, 에스라성경대학원대학교)"
669,개신대학원대학교,"서울특별시 강북구 도봉로 235 (미아동, 개신대학원대학교)"
670,과학기술연합대학원대학교,"대전광역시 유성구 가정로 217 (가정동, UST)"
671,서울과학종합대학원대학교,"서울특별시 서대문구 이화여대2길 46 (대현동, 서울아카데미빌딩)"
672,선학유피대학원대학교,"경기도 가평군 설악면 미사리로 324-211 (송산리, 선학유피대학원대학교)"
673,경안신학대학원대학교,"경상북도 안동시 북후면 물한길 16-29 (물한리, 경안신학대학원대학교)"
674,동방문화대학원대학교,"서울특별시 성북구 성북로28길 60 (성북동, 동방대학원대학교)"
675,북한대학원대학교,"서울특별시 종로구 북촌로15길 2 (삼청동, 북한대학교대학원)"
676,순복음대학원대학교,"서울특별시 관악구 과천대로 927 (남현동, 대한하나님의성회)"
677,실천신학대학원대학교,"경기도 이천시 신둔면 마소로11번길 311-43 (인후리, 실천신학대학원)"
678,한림국제대학원대학교,"서울특별시 강남구 역삼로 405 (대치동, 한림국제대학원대학교제1관)"
679,한반도국제대학원대학교,"서울특별시 용산구 임정로 17 (효창동, 한반도국제대학원대학교)"
680,서울미디어대학원대학교,"서울특별시 강서구 화곡로61길 99 (등촌동, 케이지아이티강서센터)"
681,용문상담심리대학원대학교,"서울특별시 종로구 율곡로 154 (원남동, 용문빌딩)"
682,한국상담대학원대학교,"서울특별시 서초구 효령로 366 (서초동, 한국상담대학원대학교)"
683,제네바신학대학원대학교,"경기도 파주시 파평면 파산서원길 64-68 (눌노리, 제네바신학대학원대학교)"
684,주안대학원대학교,"인천광역시 미추홀구 석바위로74번길 11 (주안동, 주안대학원대학교)"
685,한국전력국제원자력대학원대학교,울산광역시 울주군 서생면 해맞이로 658-91 (신암리)
686,능인대학원대학교,경기도 화성시 팔탄면 3.1만세로 694-57 (해창리)
687,치유상담대학원대학교,"서울특별시 서초구 서초대로 121 (방배동, 원우빌딩)"
688,구세군사관대학원대학교,"경기도 과천시 관악산길 216 (중앙동, 구세군사관대학원대학교)"
689,국립암센터국제암대학원대학교,"경기도 고양시 일산동구 일산로 323 (마두동, 국립암센터)"
690,한국과학기술원,"대전광역시 유성구 대학로 291 (구성동, 한국과학기술원)"
691,한국과학기술원 일반대학원,"대전광역시 유성구 대학로 291 (구성동, 한국과학기술원)"
692,광주과학기술원,"광주광역시 북구 첨단과기로 123 (오룡동, 광주과학기술원)"
693,광주과학기술원 일반대학원,"광주광역시 북구 첨단과기로 123 (오룡동, 광주과학기술원)"
694,대구경북과학기술원,대구광역시 달성군 현풍면 테크노중앙대로 333 (상리)
695,대구경북과학기술원 일반대학원,대구광역시 달성군 현풍면 테크노중앙대로 333 (상리)
696,한국예술종합학교,"서울특별시 성북구 화랑로32길 146-37 (석관동, 한국종합예술학교)"
697,한국전통문화대학교,"충청남도 부여군 규암면 백제문로 367 (합정리, 한국전통문화학교)"
698,한국전통문화대학교 일반대학원,"충청남도 부여군 규암면 백제문로 367 (합정리, 한국전통문화학교)"
699,한국전통문화대학교 문화유산융합대학원,"충청남도 부여군 규암면 백제문로 367 (합정리, 한국전통문화학교)"
700,한국전통문화대학교 문화유산전문대학원,"충청남도 부여군 규암면 백제문로 367 (합정리, 한국전통문화학교)"
701,한국농수산대학,"전라북도 전주시 덕진구 콩쥐팥쥐로 1515 (중동, 한국농수산대학)"
702,한국골프대학교,"강원도 횡성군 우천면 하대5길 109 (하대리, 한국골프대학교)"
703,한국학대학원,"경기도 성남시 분당구 하오개로 323 (운중동, 한국학중앙연구원)"
704,ICT폴리텍대학,"경기도 광주시 순암로 16-26 (역동, ICT폴리텍대학)"
705,한국폴리텍대학 서울정수캠퍼스,"서울특별시 용산구 보광로 73 (보광동, 한국폴리텍1대학서울정수캠퍼스)"
706,한국폴리텍대학 서울강서캠퍼스,"서울특별시 강서구 우장산로10길 112 (화곡동, 한국폴리텍대학서울강서캠퍼스)"
707,한국폴리텍 I 대학 성남캠퍼스,"경기도 성남시 수정구 수정로 398 (산성동, 한국폴리텍I대학성남캠퍼스)"
708,한국폴리텍 I 대학 제주캠퍼스,"제주특별자치도 제주시 산천단동3길 2 (아라일동, 한국폴리택대학제주캠퍼스)"
709,한국폴리텍대학 인천캠퍼스,"인천광역시 부평구 무네미로448번길 56 (구산동, 한국폴리텍Ⅱ대학)"
710,한국폴리텍 II 대학 남인천캠퍼스,"인천광역시 미추홀구 염전로333번길 23 (주안동, 한국폴리텍대학남인천캠퍼스)"
711,한국폴리텍특성화대학 반도체융합캠퍼스,"경기도 안성시 공도읍 송원길 41-12 (만정리, 한국폴리텍대학안성캠퍼스)"
712,한국폴리텍 III 대학 춘천캠퍼스,"강원도 춘천시 동산면 영서로 1290-31 (원창리, 한국폴리텍Ⅲ대학)"
713,한국폴리텍 III 대학 강릉캠퍼스,"강원도 강릉시 남산초교길 121 (노암동, 한국폴리텍3대학)"
714,한국폴리텍 III 대학 원주캠퍼스,"강원도 원주시 북원로2425번길 73 (우산동, 한국폴리텍3대학)"
715,한국폴리텍 IV 대학 대전캠퍼스,"대전광역시 동구 우암로 352-21 (가양동, 한국폴리텍대학대전캠퍼스)"
716,한국폴리텍IV 대학 청주캠퍼스,"충청북도 청주시 흥덕구 산단로 54 (송정동, 한국폴리텍Ⅳ대학청주캠퍼스)"
717,한국폴리텍 IV 대학 아산캠퍼스,"충청남도 아산시 신창면 행목로 45 (행목리, 한국폴리텍Ⅳ대학아산캠퍼스)"
718,한국폴리텍 IV 대학 홍성캠퍼스,"충청남도 홍성군 홍성읍 충서로 1200 (남장리, 홍성기능대학)"
719,한국폴리텍V대학 광주캠퍼스,"광주광역시 북구 하서로 85 (운암동, 한국폴리텍V대학)"
720,한국폴리텍 V 대학 김제캠퍼스,"전라북도 김제시 백학제길 154 (백학동, 한국폴리텍V대학)"
721,한국폴리텍V대학 목포캠퍼스,"전라남도 무안군 청계면 영산로 1854-16 (상마리, 한국폴리텍V대학목포캠퍼스)"
722,한국폴리텍대학 익산캠퍼스,"전라북도 익산시 선화로 579 (어양동, 한국폴리텍V대학)"
723,한국폴리텍 V 대학 순천캠퍼스,"전라남도 순천시 기적의도서관1길 41 (조례동, 한국폴리텍대학순천캠퍼스)"
724,한국폴리텍대학 대구캠퍼스,"대구광역시 서구 국채보상로43길 15 (평리동, 한국폴리텍6대학)"
725,한국폴리텍대학 구미캠퍼스,경상북도 구미시 수출대로3길 84 (공단동)
726,한국폴리텍 Ⅵ 대학 영주캠퍼스,"경상북도 영주시 가흥로 2 (문정동, 한국폴리텍VI대학)"
727,한국폴리텍대학 창원캠퍼스,"경상남도 창원시 성산구 외동반림로 51-88 (중앙동, 한국폴리텍VII대학)"
728,한국폴리텍Ⅶ대학 부산캠퍼스,"부산광역시 북구 만덕대로155번길 99 (덕천동, 한국폴리텍VII대학부산캠퍼스)"
729,한국폴리텍 VII 대학 울산캠퍼스,"울산광역시 중구 산전길 155 (동동, 한국폴리텍7대학울산캠퍼스)"
730,한국폴리텍대학바이오캠퍼스,"충청남도 논산시 강경읍 동안로112번길 48 (채운리, 한국폴리텍바이오대학)"
731,한국폴리텍대학 영남융합기술캠퍼스,대구광역시 동구 팔공로 222 (봉무동)
732,한국폴리텍대학 항공캠퍼스,"경상남도 사천시 대학길 46 (이금동, 한국폴리텍항공대학)"